Student ID,Name,UID
201611090,백창환,13  a5  61  b5
201711163,정래현,0b  ab  f2  4d
201811020,김문정,62  6d  ae  e5
201811057,박건,93  e6  61  b5
201811058,박건희,92  e2  aa  e5
201811069,박진우,42  82  ad  e5
201811075,백민혁,57  d3  cc  5c
201811128,이성철,42  31  b0  e5
201811147,이지환,73  5e  60  b5
201811157,장영수,82  e9  aa  e5
201811201,허원제,93  29  5e  b5
201911106,유제이,b3  72  63  b5
201911112,윤준호,b3  87  62  b5
201911193,현승준,fb  4d  de  4e
202011003,강승수,bb  bf  e0  4e
202011006,고민재,d3  7b  5d  b5
202011007,공병업,9e  f8  20  14
202011011,구본근,03  47  62  b5
202011012,권용석,87  7c  92  5c
202011013,권주현,9b  e3  96  4e
202011014,권태완,43  4c  66  b5
202011018,김경민,c3  c1  63  b5
202011032,김민관,22  48  ad  e5
202011037,김민재,03  04  62  b5
202011043,김상우,23  49  63  b5
202011044,김상혁,23  8c  67  b5
202011047,김승태,f3  41  68  b5
202011061,김창규,63  c0  5d  b5
202011062,김형근,c3  77  5d  b5
202011083,박영진,d3  1b  60  b5
202011108,신수영,62  d3  af  e5
202011125,유선우,f6  9f  31  04
202011127,유지상,82  5d  af  e5
202011133,윤현서,3b  5a  7a  4e
202011145,이명수,c2  db  aa  e5
202011162,이웅기,6b  c4  d0  4e
202011168,이재현,e2  88  aa  e5
202011169,이재훈,02  69  a8  e5
202011175,이창석,f2  d0  af  e5
202011184,임정현,92  df  94  e5
202011192,장현영,12  ab  ae  e5
202011194,전민수,22  d7  af  e5
202011197,정세훈,f2  5b  b0  e5
202011203,정은호,c7  84  8c  5c
202011226,한웅재,d2  92  a9  e5
202111002,강민철,e3  2f  68  b5
202111003,강소은,13  e8  23  ae
202111019,김다인,c3  1e  5c  b5
202111020,김도현,c3  27  68  b5
202111028,김병철,c3  a3  63  b5
202111029,김성연,72  6c  ad  e5
202111030,김성우,92  6b  ae  e5
202111040,김지현,72  4e  ac  e5
202111042,김하진,e2  fb  ac  e5
202111057,문서흔,2b  3a  cf  4e
202111062,박동진,f3  12  67  b5
202111082,방주희,a3  f1  67  b5
202111090,서휘,93  f7  5f  b5
202111121,윤채정,b3  bd  5d  b5
202111129,이민기,33  f7  64  b5
202111140,이장원,c3  cc  5b  b5
202111153,이호준,f3  7a  65  b5
202111165,정병준,b3  98  5b  b5
202211002,강규영,13  02  68  b5
202211005,강지헌,f3  c1  62  b5
202211011,김강민,cb  f7  34  4e
202211013,김경민,7b  53  df  4e
202211018,김도연,43  65  62  b5
202211020,김동현,53  78  65  b5
202211022,김민서,c3  ac  63  b5
202211024,김민성,83  f3  5c  b5
202211032,김수호,e3  d8  67  b5
202211036,김여진,8b  af  1f  4e
202211040,김우진,d3  e8  21  ae
202211045,김인영,f3  50  68  b5
202211046,김정민,e3  2b  63  b5
202211061,남민영,d3  a0  62  b5
202211062,남수민,03  bb  63  b5
202211063,남윤호,43  56  66  b5
202211068,류경찬,23  13  66  b5
202211069,류운비,03  31  66  b5
202211071,마서진,03  9b  24  ae
202211072,문이빈,d3  e0  67  b5
202211077,박상혁,0b  13  d3  4e
202211080,박시윤,db  c7  e1  4e
202211083,박준수,3b  ed  d6  4e
202211092,서성현,2b  17  e9  4d
202211095,석유빈,fb  6c  0d  4e
202211096,성채현,eb  71  cf  4e
202211102,순동현,1b  25  dc  4e
202211105,신수연,fb  d8  d1  4e
202211106,신아현,2b  b5  01  4e
202211112,양슬아,7b  a3  ad  4e
202211113,양우준,bb  70  1b  4e
202211118,오민석,0e  14  21  14
202211119,오인혁,1c  82  d2  dd
202211121,우희담,ab  e7  63  4e
202211127,윤명진,db  bc  90  4e
202211130,윤신이,7b  72  3a  4e
202211131,윤재원,8b  f5  bd  4e
202211135,이동규,8b  ff  d2  4e
202211136,이민석,0b  2b  ca  4e
202211140,이승준,8b  45  e1  4e
202211145,이완서,eb  71  d7  4e
202211148,이은진,5b  b1  78  4e
202211150,이정인,ab  27  ce  4e
202211152,이준,5b  c8  08  4e
202211153,이지은,db  df  d4  4e
202211155,이찬,cb  0a  d1  4e
202211156,이해인,8b  d6  50  4e
202211159,이호진,9b  a1  7a  4e
202211162,임동준,4b  5b  de  4e
202211163,장민준,e7  30  93  5c
202211165,장재은,4b  91  4a  4e
202211167,장지원,db  00  46  4e
202211169,전상우,eb  1d  2c  4e
202211170,전선우,8b  5f  70  4e
202211172,전연규,3e  56  20  14
202211173,전정아,2b  5a  7d  4e
202211179,정병훈,1b  fa  ca  4e
202211180,정예훈,cb  29  2f  4e
202211181,정유진,5b  46  37  4e
202211184,정진영,9b  d5  c8  4e
202211187,정해주,fb  80  64  4e
202211188,조성일,db  79  64  4e
202211190,조우택,0e  4f  21  14
202211192,조현영,eb  05  47  4e
202211201,천승욱,fb  66  4f  4e
202211202,최문영,4b  39  b9  4e
202211205,최은서,cc  af  ad  dc  
202211208,최종현,6b  47  d1  4e
202211209,최준원,8b  5a  86  4e
202211210,최준호,9b  72  33  4e
202211211,최한슬,36  23  32  04
202211212,최혜진,3b  8b  d7  4e
202211214,최효빈,3b  05  82  4e
202211217,한주연,8b  f2  5b  4e
202211222,황지영,9b  7b  d5  4e
202348002,박지훈,97  05  c3  5c